Location,Rent,Posted_date
"Palm Jumeirah, Dubai",138710,2025-03-10 18:33:59.387905
"Dubai Marina, Dubai",263880,2025-01-12 18:33:59.387905
"Palm Jumeirah, Dubai",154455,2025-03-08 18:33:59.387905
"Jumeirah Lakes Towers, Dubai",339591,2025-04-12 18:33:59.387905
"Jumeirah Lakes Towers, Dubai",288383,2024-11-06 18:33:59.387905
"Dubai Marina, Dubai",76503,2025-04-14 18:33:59.387905
"Palm Jumeirah, Dubai",101091,2025-04-04 18:33:59.387905
"Downtown Dubai, Dubai",42483,2024-11-01 18:33:59.387905
"Dubai Hills, Dubai",65361,2024-10-30 18:33:59.387905
"Jumeirah Village Circle, Dubai",350734,2024-12-13 18:33:59.387905
"Dubai Silicon Oasis, Dubai",345674,2025-03-17 18:33:59.387905
"Jumeirah Lakes Towers, Dubai",341674,2025-03-22 18:33:59.387905
"Palm Jumeirah, Dubai",148802,2024-11-13 18:33:59.387905
"Dubai Hills, Dubai",45777,2024-10-31 18:33:59.387905
"Jumeirah Village Circle, Dubai",332039,2025-03-27 18:33:59.387905
"Business Bay, Dubai",180575,2024-11-08 18:33:59.387905
"Downtown Dubai, Dubai",185612,2025-04-12 18:33:59.387905
"Downtown Dubai, Dubai",249730,2024-10-28 18:33:59.387905
"Business Bay, Dubai",252483,2025-01-11 18:33:59.387905
"Jumeirah Lakes Towers, Dubai",173808,2024-12-06 18:33:59.387905
"Dubai Hills, Dubai",313053,2025-02-25 18:33:59.387905
"Dubai Silicon Oasis, Dubai",228144,2025-03-01 18:33:59.387905
"Jumeirah Lakes Towers, Dubai",273956,2024-11-10 18:33:59.387905
"Dubai Silicon Oasis, Dubai",164039,2025-02-12 18:33:59.387905
"Palm Jumeirah, Dubai",224504,2024-12-03 18:33:59.387905
"Dubai Hills, Dubai",204436,2025-02-16 18:33:59.387905
"Jumeirah Lakes Towers, Dubai",112921,2025-01-09 18:33:59.387905
"Dubai Hills, Dubai",128323,2025-04-23 18:33:59.387905
"Jumeirah Village Circle, Dubai",85519,2024-11-12 18:33:59.387905
"Business Bay, Dubai",211113,2024-11-13 18:33:59.387905
"Palm Jumeirah, Dubai",189390,2024-11-13 18:33:59.387905
"Business Bay, Dubai",345652,2024-11-13 18:33:59.387905
"Dubai Marina, Dubai",120417,2025-01-30 18:33:59.387905
"Jumeirah Village Circle, Dubai",337171,2025-02-05 18:33:59.387905
"Business Bay, Dubai",322700,2024-11-16 18:33:59.387905
"Palm Jumeirah, Dubai",174928,2024-11-14 18:33:59.387905
"Business Bay, Dubai",360279,2024-11-05 18:33:59.387905
"Dubai Silicon Oasis, Dubai",242678,2025-04-08 18:33:59.387905
"Jumeirah Lakes Towers, Dubai",56585,2025-03-18 18:33:59.387905
"Jumeirah Village Circle, Dubai",140905,2025-01-15 18:33:59.387905
"Downtown Dubai, Dubai",222038,2024-10-31 18:33:59.387905
"Jumeirah Village Circle, Dubai",115697,2025-04-21 18:33:59.387905
"Downtown Dubai, Dubai",43447,2025-01-23 18:33:59.387905
"Dubai Hills, Dubai",59982,2025-04-03 18:33:59.387905
"Business Bay, Dubai",154051,2024-12-05 18:33:59.387905
"Jumeirah Village Circle, Dubai",47151,2025-03-20 18:33:59.387905
"Dubai Marina, Dubai",258020,2025-04-05 18:33:59.387905
"Business Bay, Dubai",353340,2025-03-07 18:33:59.387905
"Dubai Marina, Dubai",206923,2025-02-26 18:33:59.387905
"Downtown Dubai, Dubai",92993,2025-02-01 18:33:59.387905
"Dubai Silicon Oasis, Dubai",135188,2025-04-04 18:33:59.387905
"Dubai Marina, Dubai",194230,2024-11-21 18:33:59.387905
"Jumeirah Village Circle, Dubai",358684,2025-02-14 18:33:59.387905
"Business Bay, Dubai",318365,2025-01-06 18:33:59.387905
"Dubai Silicon Oasis, Dubai",339482,2024-10-27 18:33:59.387905
"Jumeirah Village Circle, Dubai",354970,2024-11-19 18:33:59.387905
"Dubai Hills, Dubai",343149,2025-02-05 18:33:59.387905
"Jumeirah Village Circle, Dubai",211399,2024-10-27 18:33:59.387905
"Jumeirah Village Circle, Dubai",81011,2025-03-18 18:33:59.387905
"Downtown Dubai, Dubai",277796,2024-11-10 18:33:59.387905
"Jumeirah Lakes Towers, Dubai",182356,2025-01-10 18:33:59.387905
"Dubai Silicon Oasis, Dubai",92477,2024-12-11 18:33:59.387905
"Dubai Silicon Oasis, Dubai",54604,2024-11-30 18:33:59.387905
"Jumeirah Lakes Towers, Dubai",357821,2025-02-07 18:33:59.387905
"Dubai Silicon Oasis, Dubai",160151,2025-01-24 18:33:59.387905
"Jumeirah Village Circle, Dubai",145072,2025-02-21 18:33:59.387905
"Dubai Silicon Oasis, Dubai",258225,2025-02-02 18:33:59.387905
"Palm Jumeirah, Dubai",398715,2025-01-27 18:33:59.387905
"Dubai Marina, Dubai",399820,2024-11-11 18:33:59.387905
"Dubai Silicon Oasis, Dubai",337618,2025-02-26 18:33:59.387905
"Palm Jumeirah, Dubai",397145,2025-02-25 18:33:59.387905
"Jumeirah Village Circle, Dubai",157115,2024-11-27 18:33:59.387905
"Jumeirah Lakes Towers, Dubai",194865,2025-03-03 18:33:59.387905
"Jumeirah Lakes Towers, Dubai",220224,2024-12-31 18:33:59.387905
"Palm Jumeirah, Dubai",253647,2025-04-16 18:33:59.387905
"Dubai Marina, Dubai",389313,2024-11-23 18:33:59.387905
"Dubai Marina, Dubai",390464,2025-01-30 18:33:59.387905
"Business Bay, Dubai",172394,2025-02-01 18:33:59.387905
"Dubai Marina, Dubai",340632,2024-11-28 18:33:59.387905
"Jumeirah Lakes Towers, Dubai",371395,2025-04-16 18:33:59.387905
"Business Bay, Dubai",213509,2025-03-31 18:33:59.387905
"Dubai Hills, Dubai",334502,2024-11-08 18:33:59.387905
"Dubai Marina, Dubai",253848,2024-10-29 18:33:59.387905
"Dubai Silicon Oasis, Dubai",116462,2025-02-19 18:33:59.387905
"Downtown Dubai, Dubai",60759,2024-11-18 18:33:59.387905
"Dubai Silicon Oasis, Dubai",166312,2025-04-19 18:33:59.387905
"Downtown Dubai, Dubai",61884,2025-01-17 18:33:59.387905
"Jumeirah Village Circle, Dubai",269557,2024-11-26 18:33:59.387905
"Dubai Hills, Dubai",145955,2025-02-24 18:33:59.387905
"Dubai Hills, Dubai",93468,2025-01-14 18:33:59.387905
"Jumeirah Lakes Towers, Dubai",360469,2024-12-30 18:33:59.387905
"Business Bay, Dubai",113433,2025-03-05 18:33:59.387905
"Business Bay, Dubai",338300,2024-12-10 18:33:59.387905
"Jumeirah Village Circle, Dubai",40182,2025-01-04 18:33:59.387905
"Dubai Hills, Dubai",137107,2025-02-07 18:33:59.387905
"Business Bay, Dubai",109471,2025-01-20 18:33:59.387905
"Dubai Marina, Dubai",209169,2025-01-21 18:33:59.387905
"Business Bay, Dubai",230300,2025-01-18 18:33:59.387905
"Downtown Dubai, Dubai",369921,2025-02-27 18:33:59.387905
"Jumeirah Lakes Towers, Dubai",123570,2025-03-30 18:33:59.387905
"Downtown Dubai, Dubai",309102,2024-12-20 18:33:59.387905
"Dubai Marina, Dubai",265599,2025-01-18 18:33:59.387905
"Jumeirah Lakes Towers, Dubai",77518,2025-02-14 18:33:59.387905
"Dubai Hills, Dubai",345990,2024-11-18 18:33:59.387905
"Palm Jumeirah, Dubai",246957,2025-04-08 18:33:59.387905
"Dubai Silicon Oasis, Dubai",130232,2024-12-19 18:33:59.387905
"Business Bay, Dubai",192443,2024-12-07 18:33:59.387905
"Dubai Marina, Dubai",98687,2024-12-26 18:33:59.387905
"Dubai Silicon Oasis, Dubai",284731,2025-04-23 18:33:59.387905
"Jumeirah Lakes Towers, Dubai",339755,2025-01-25 18:33:59.387905
"Business Bay, Dubai",242807,2025-03-30 18:33:59.387905
"Downtown Dubai, Dubai",161740,2025-02-25 18:33:59.387905
"Downtown Dubai, Dubai",333449,2024-11-13 18:33:59.387905
"Jumeirah Village Circle, Dubai",107972,2024-12-18 18:33:59.387905
"Palm Jumeirah, Dubai",290103,2025-04-21 18:33:59.387905
"Dubai Hills, Dubai",351179,2024-11-09 18:33:59.387905
"Jumeirah Village Circle, Dubai",101388,2025-01-21 18:33:59.387905
"Dubai Marina, Dubai",153259,2025-02-11 18:33:59.387905
"Jumeirah Lakes Towers, Dubai",224360,2024-11-30 18:33:59.387905
"Dubai Silicon Oasis, Dubai",356551,2025-03-31 18:33:59.387905
"Business Bay, Dubai",133187,2024-12-24 18:33:59.387905
"Jumeirah Lakes Towers, Dubai",43621,2024-12-23 18:33:59.387905
"Business Bay, Dubai",332700,2025-01-10 18:33:59.387905
"Dubai Hills, Dubai",138575,2025-03-28 18:33:59.387905
"Dubai Marina, Dubai",85436,2024-12-23 18:33:59.387905
"Palm Jumeirah, Dubai",283394,2025-04-04 18:33:59.387905
"Business Bay, Dubai",154343,2025-01-17 18:33:59.387905
"Palm Jumeirah, Dubai",360383,2024-12-06 18:33:59.387905
"Business Bay, Dubai",233526,2024-12-08 18:33:59.387905
"Jumeirah Village Circle, Dubai",221542,2025-03-04 18:33:59.387905
"Downtown Dubai, Dubai",155048,2024-11-21 18:33:59.387905
"Jumeirah Lakes Towers, Dubai",233835,2025-01-12 18:33:59.387905
"Dubai Hills, Dubai",155589,2024-12-01 18:33:59.387905
"Palm Jumeirah, Dubai",331122,2024-12-28 18:33:59.387905
"Business Bay, Dubai",85289,2025-01-16 18:33:59.387905
"Palm Jumeirah, Dubai",359065,2024-11-06 18:33:59.387905
"Jumeirah Village Circle, Dubai",65199,2025-04-18 18:33:59.387905
"Downtown Dubai, Dubai",285137,2025-03-23 18:33:59.387905
"Business Bay, Dubai",309748,2025-03-29 18:33:59.387905
"Dubai Marina, Dubai",115609,2025-01-04 18:33:59.387905
"Palm Jumeirah, Dubai",378747,2024-12-15 18:33:59.387905
"Jumeirah Lakes Towers, Dubai",47014,2025-03-09 18:33:59.387905
"Dubai Silicon Oasis, Dubai",304071,2025-03-22 18:33:59.387905
"Dubai Marina, Dubai",312350,2025-04-17 18:33:59.387905
"Dubai Silicon Oasis, Dubai",139202,2025-01-21 18:33:59.387905
"Business Bay, Dubai",78605,2024-11-18 18:33:59.387905
"Jumeirah Lakes Towers, Dubai",273846,2025-02-01 18:33:59.387905
"Jumeirah Lakes Towers, Dubai",161908,2024-11-15 18:33:59.387905
"Dubai Marina, Dubai",249340,2025-01-16 18:33:59.387905
"Business Bay, Dubai",395871,2025-01-28 18:33:59.387905
"Jumeirah Lakes Towers, Dubai",260855,2025-03-12 18:33:59.387905
"Business Bay, Dubai",242048,2025-04-01 18:33:59.387905
"Business Bay, Dubai",134148,2025-04-13 18:33:59.387905
"Dubai Marina, Dubai",194037,2024-11-28 18:33:59.387905
"Dubai Silicon Oasis, Dubai",278911,2025-03-23 18:33:59.387905
"Dubai Silicon Oasis, Dubai",236346,2025-03-21 18:33:59.387905
"Jumeirah Lakes Towers, Dubai",53398,2025-03-05 18:33:59.387905
"Dubai Silicon Oasis, Dubai",331684,2024-11-27 18:33:59.387905
"Dubai Marina, Dubai",353582,2025-04-17 18:33:59.387905
"Downtown Dubai, Dubai",224172,2025-02-16 18:33:59.387905
"Jumeirah Lakes Towers, Dubai",334905,2025-01-04 18:33:59.387905
"Dubai Marina, Dubai",216391,2025-03-08 18:33:59.387905
"Downtown Dubai, Dubai",261677,2025-02-10 18:33:59.387905
"Dubai Hills, Dubai",348857,2025-04-05 18:33:59.387905
"Dubai Silicon Oasis, Dubai",385895,2024-12-06 18:33:59.387905
"Jumeirah Lakes Towers, Dubai",217225,2025-03-29 18:33:59.387905
"Palm Jumeirah, Dubai",232891,2025-01-13 18:33:59.387905
"Jumeirah Lakes Towers, Dubai",265702,2024-11-03 18:33:59.387905
"Jumeirah Lakes Towers, Dubai",185335,2025-04-19 18:33:59.387905
"Jumeirah Village Circle, Dubai",319537,2025-03-29 18:33:59.387905
"Dubai Marina, Dubai",260397,2024-11-15 18:33:59.387905
"Dubai Marina, Dubai",338685,2025-03-14 18:33:59.387905
"Dubai Marina, Dubai",167334,2024-12-20 18:33:59.387905
"Jumeirah Lakes Towers, Dubai",96538,2024-11-29 18:33:59.387905
"Dubai Hills, Dubai",170627,2025-01-02 18:33:59.387905
"Jumeirah Lakes Towers, Dubai",157498,2024-12-30 18:33:59.387905
"Business Bay, Dubai",49252,2025-03-29 18:33:59.387905
"Dubai Silicon Oasis, Dubai",297309,2025-02-18 18:33:59.387905
"Downtown Dubai, Dubai",267103,2024-12-28 18:33:59.387905
"Dubai Marina, Dubai",262787,2024-10-27 18:33:59.387905
"Downtown Dubai, Dubai",169879,2024-10-28 18:33:59.387905
"Dubai Hills, Dubai",103596,2025-01-05 18:33:59.387905
"Downtown Dubai, Dubai",58063,2024-12-19 18:33:59.387905
"Palm Jumeirah, Dubai",217779,2024-11-15 18:33:59.387905
"Dubai Marina, Dubai",124830,2024-12-10 18:33:59.387905
"Jumeirah Village Circle, Dubai",271331,2025-02-13 18:33:59.387905
"Dubai Hills, Dubai",48286,2025-01-17 18:33:59.387905
"Palm Jumeirah, Dubai",315930,2025-04-15 18:33:59.387905
"Jumeirah Village Circle, Dubai",325919,2024-12-11 18:33:59.387905
"Dubai Silicon Oasis, Dubai",377141,2025-04-06 18:33:59.387905
"Dubai Hills, Dubai",301498,2025-01-26 18:33:59.387905
"Jumeirah Lakes Towers, Dubai",289440,2024-11-08 18:33:59.387905
"Business Bay, Dubai",275291,2025-03-29 18:33:59.387905
"Downtown Dubai, Dubai",246194,2024-11-04 18:33:59.387905
"Dubai Hills, Dubai",358719,2025-01-25 18:33:59.387905
"Dubai Marina, Dubai",207257,2024-12-10 18:33:59.387905
"Jumeirah Lakes Towers, Dubai",363864,2024-11-09 18:33:59.387905
"Downtown Dubai, Dubai",191708,2025-01-12 18:33:59.387905
"Palm Jumeirah, Dubai",356992,2024-12-04 18:33:59.387905
"Palm Jumeirah, Dubai",317684,2024-10-25 18:33:59.387905
"Jumeirah Village Circle, Dubai",259158,2024-11-24 18:33:59.387905
"Jumeirah Village Circle, Dubai",303624,2025-01-06 18:33:59.387905
"Jumeirah Lakes Towers, Dubai",266789,2025-04-17 18:33:59.387905
"Palm Jumeirah, Dubai",326599,2024-12-27 18:33:59.387905
"Business Bay, Dubai",236571,2024-12-12 18:33:59.387905
"Palm Jumeirah, Dubai",137577,2024-12-17 18:33:59.387905
"Palm Jumeirah, Dubai",311185,2024-12-07 18:33:59.387905
"Business Bay, Dubai",187586,2025-02-25 18:33:59.387905
"Downtown Dubai, Dubai",267940,2025-02-06 18:33:59.387905
"Dubai Marina, Dubai",281265,2025-03-31 18:33:59.387905
"Jumeirah Village Circle, Dubai",233402,2024-12-04 18:33:59.387905
"Palm Jumeirah, Dubai",113034,2025-01-28 18:33:59.387905
"Jumeirah Lakes Towers, Dubai",219816,2025-04-03 18:33:59.387905
"Palm Jumeirah, Dubai",353522,2025-02-20 18:33:59.387905
"Dubai Hills, Dubai",115745,2024-10-31 18:33:59.387905
"Dubai Hills, Dubai",309533,2024-12-16 18:33:59.387905
"Jumeirah Village Circle, Dubai",370624,2025-01-09 18:33:59.387905
"Jumeirah Lakes Towers, Dubai",134161,2025-01-15 18:33:59.387905
"Downtown Dubai, Dubai",81844,2025-02-01 18:33:59.387905
"Jumeirah Lakes Towers, Dubai",318206,2024-11-11 18:33:59.387905
"Dubai Marina, Dubai",258863,2024-12-02 18:33:59.387905
"Jumeirah Lakes Towers, Dubai",66704,2025-03-05 18:33:59.387905
"Business Bay, Dubai",297554,2024-11-21 18:33:59.387905
"Jumeirah Lakes Towers, Dubai",116260,2024-11-19 18:33:59.387905
"Dubai Hills, Dubai",285604,2025-04-21 18:33:59.387905
"Jumeirah Lakes Towers, Dubai",55883,2024-11-16 18:33:59.387905
"Downtown Dubai, Dubai",333134,2025-03-21 18:33:59.387905
"Dubai Silicon Oasis, Dubai",185938,2025-01-27 18:33:59.387905
"Jumeirah Lakes Towers, Dubai",234019,2025-03-01 18:33:59.387905
"Jumeirah Lakes Towers, Dubai",58937,2024-11-17 18:33:59.387905
"Dubai Silicon Oasis, Dubai",349298,2024-12-22 18:33:59.387905
"Dubai Marina, Dubai",93030,2025-02-26 18:33:59.387905
"Jumeirah Village Circle, Dubai",212038,2025-01-25 18:33:59.387905
"Palm Jumeirah, Dubai",191626,2025-02-01 18:33:59.387905
"Palm Jumeirah, Dubai",225782,2025-04-19 18:33:59.387905
"Business Bay, Dubai",60430,2024-11-02 18:33:59.387905
"Dubai Marina, Dubai",171930,2024-12-20 18:33:59.387905
"Dubai Marina, Dubai",375311,2024-11-29 18:33:59.387905
"Dubai Marina, Dubai",348687,2025-01-09 18:33:59.387905
"Palm Jumeirah, Dubai",95234,2024-11-09 18:33:59.387905
"Dubai Silicon Oasis, Dubai",266356,2025-04-15 18:33:59.387905
"Palm Jumeirah, Dubai",273315,2024-12-31 18:33:59.387905
"Dubai Hills, Dubai",318443,2024-11-09 18:33:59.387905
"Business Bay, Dubai",302320,2024-11-14 18:33:59.387905
"Dubai Hills, Dubai",299175,2025-02-01 18:33:59.387905
"Dubai Silicon Oasis, Dubai",110093,2025-01-15 18:33:59.387905
"Downtown Dubai, Dubai",228211,2024-12-12 18:33:59.387905
"Dubai Silicon Oasis, Dubai",101843,2024-12-12 18:33:59.387905
"Jumeirah Village Circle, Dubai",136426,2024-12-01 18:33:59.387905
"Dubai Hills, Dubai",341023,2025-03-23 18:33:59.387905
"Jumeirah Lakes Towers, Dubai",87180,2024-11-02 18:33:59.387905
"Dubai Silicon Oasis, Dubai",125154,2025-01-10 18:33:59.387905
"Dubai Hills, Dubai",320004,2025-03-03 18:33:59.387905
"Dubai Marina, Dubai",259597,2025-04-19 18:33:59.387905
"Business Bay, Dubai",354244,2025-03-01 18:33:59.387905
"Business Bay, Dubai",301938,2024-11-03 18:33:59.387905
"Downtown Dubai, Dubai",304005,2025-03-20 18:33:59.387905
"Business Bay, Dubai",376242,2025-02-13 18:33:59.387905
"Dubai Hills, Dubai",200476,2025-02-07 18:33:59.387905
"Dubai Silicon Oasis, Dubai",397601,2025-01-07 18:33:59.387905
"Jumeirah Lakes Towers, Dubai",110951,2024-12-22 18:33:59.387905
"Dubai Silicon Oasis, Dubai",102041,2025-01-20 18:33:59.387905
"Business Bay, Dubai",144574,2024-12-14 18:33:59.387905
"Jumeirah Village Circle, Dubai",170813,2025-02-11 18:33:59.387905
"Palm Jumeirah, Dubai",134092,2024-12-09 18:33:59.387905
"Dubai Silicon Oasis, Dubai",273141,2025-03-14 18:33:59.387905
"Dubai Hills, Dubai",119933,2025-02-08 18:33:59.387905
"Jumeirah Village Circle, Dubai",116203,2025-04-17 18:33:59.387905
"Downtown Dubai, Dubai",394011,2025-01-28 18:33:59.387905
"Dubai Silicon Oasis, Dubai",237284,2024-12-05 18:33:59.387905
"Dubai Marina, Dubai",102467,2024-10-26 18:33:59.387905
"Palm Jumeirah, Dubai",207317,2025-01-06 18:33:59.387905
"Dubai Hills, Dubai",114093,2025-03-16 18:33:59.387905
"Palm Jumeirah, Dubai",383404,2024-11-21 18:33:59.387905
"Dubai Silicon Oasis, Dubai",286311,2025-01-30 18:33:59.387905
"Business Bay, Dubai",170990,2024-11-12 18:33:59.387905
"Downtown Dubai, Dubai",193563,2025-01-28 18:33:59.387905
"Jumeirah Lakes Towers, Dubai",320389,2025-03-25 18:33:59.387905
"Dubai Marina, Dubai",199020,2024-11-11 18:33:59.387905
"Palm Jumeirah, Dubai",312196,2024-12-24 18:33:59.387905
"Palm Jumeirah, Dubai",256060,2025-03-05 18:33:59.387905
"Dubai Marina, Dubai",387284,2024-11-17 18:33:59.387905
"Jumeirah Village Circle, Dubai",255078,2024-11-03 18:33:59.387905
"Dubai Marina, Dubai",43465,2025-03-15 18:33:59.387905
"Dubai Silicon Oasis, Dubai",381833,2025-03-28 18:33:59.387905
"Jumeirah Village Circle, Dubai",384513,2025-01-20 18:33:59.387905
"Downtown Dubai, Dubai",346997,2024-12-03 18:33:59.387905
"Business Bay, Dubai",375883,2025-04-02 18:33:59.387905
"Dubai Hills, Dubai",163245,2025-04-02 18:33:59.387905
"Palm Jumeirah, Dubai",224049,2024-12-08 18:33:59.387905
"Downtown Dubai, Dubai",122049,2025-03-16 18:33:59.387905
"Dubai Marina, Dubai",136206,2024-11-17 18:33:59.387905
"Jumeirah Lakes Towers, Dubai",257905,2025-01-18 18:33:59.387905
"Dubai Marina, Dubai",200038,2025-02-10 18:33:59.387905
"Dubai Silicon Oasis, Dubai",128535,2025-03-15 18:33:59.387905
"Dubai Silicon Oasis, Dubai",131850,2024-10-31 18:33:59.387905
"Dubai Marina, Dubai",122121,2025-04-03 18:33:59.387905
"Business Bay, Dubai",181505,2025-01-16 18:33:59.387905
"Jumeirah Village Circle, Dubai",306234,2025-01-23 18:33:59.387905
"Palm Jumeirah, Dubai",288032,2025-01-20 18:33:59.387905
"Dubai Silicon Oasis, Dubai",393239,2025-03-15 18:33:59.387905
"Dubai Marina, Dubai",125508,2025-03-24 18:33:59.387905
"Downtown Dubai, Dubai",314350,2025-02-02 18:33:59.387905
"Jumeirah Village Circle, Dubai",298662,2024-11-18 18:33:59.387905
"Palm Jumeirah, Dubai",278321,2024-11-06 18:33:59.387905
"Business Bay, Dubai",147849,2025-04-08 18:33:59.387905
"Dubai Silicon Oasis, Dubai",386146,2025-04-17 18:33:59.387905
"Downtown Dubai, Dubai",259582,2025-02-28 18:33:59.387905
"Business Bay, Dubai",371567,2025-02-15 18:33:59.387905
"Dubai Marina, Dubai",243519,2025-03-17 18:33:59.387905
"Dubai Hills, Dubai",359577,2025-03-07 18:33:59.387905
"Palm Jumeirah, Dubai",374601,2025-02-17 18:33:59.387905
"Jumeirah Lakes Towers, Dubai",109844,2025-01-05 18:33:59.387905
"Palm Jumeirah, Dubai",41842,2025-03-13 18:33:59.387905
"Downtown Dubai, Dubai",388882,2024-10-25 18:33:59.387905
"Palm Jumeirah, Dubai",315425,2025-01-01 18:33:59.387905
"Business Bay, Dubai",331842,2024-11-07 18:33:59.387905
"Jumeirah Village Circle, Dubai",326582,2024-12-20 18:33:59.387905
"Dubai Silicon Oasis, Dubai",320006,2025-03-13 18:33:59.387905
"Downtown Dubai, Dubai",301545,2024-12-06 18:33:59.387905
"Dubai Marina, Dubai",51199,2025-01-02 18:33:59.387905
"Dubai Marina, Dubai",297414,2024-11-11 18:33:59.387905
"Jumeirah Lakes Towers, Dubai",253875,2025-01-19 18:33:59.387905
"Jumeirah Lakes Towers, Dubai",123893,2025-03-27 18:33:59.387905
"Downtown Dubai, Dubai",194082,2025-02-10 18:33:59.387905
"Jumeirah Lakes Towers, Dubai",372160,2025-02-16 18:33:59.387905
"Dubai Marina, Dubai",247803,2025-01-17 18:33:59.387905
"Dubai Hills, Dubai",129069,2025-04-17 18:33:59.387905
"Jumeirah Village Circle, Dubai",176145,2025-03-14 18:33:59.387905
"Dubai Hills, Dubai",40152,2025-04-21 18:33:59.387905
"Business Bay, Dubai",108185,2024-12-26 18:33:59.387905
"Jumeirah Village Circle, Dubai",288914,2025-03-19 18:33:59.387905
"Dubai Marina, Dubai",291643,2024-12-29 18:33:59.387905
"Jumeirah Lakes Towers, Dubai",61953,2025-01-19 18:33:59.387905
"Dubai Hills, Dubai",130737,2025-01-18 18:33:59.387905
"Business Bay, Dubai",247591,2025-03-22 18:33:59.387905
"Jumeirah Lakes Towers, Dubai",66625,2025-01-01 18:33:59.387905
"Dubai Hills, Dubai",251862,2025-03-27 18:33:59.387905
"Downtown Dubai, Dubai",141753,2024-11-03 18:33:59.387905
"Business Bay, Dubai",391931,2025-02-27 18:33:59.387905
"Dubai Marina, Dubai",127565,2025-02-16 18:33:59.387905
"Dubai Marina, Dubai",396457,2024-11-06 18:33:59.387905
"Jumeirah Lakes Towers, Dubai",178480,2025-03-22 18:33:59.387905
"Jumeirah Lakes Towers, Dubai",287565,2025-01-01 18:33:59.387905
"Jumeirah Lakes Towers, Dubai",141446,2025-04-10 18:33:59.387905
"Dubai Silicon Oasis, Dubai",262458,2024-12-17 18:33:59.387905
"Palm Jumeirah, Dubai",297532,2024-12-05 18:33:59.387905
"Jumeirah Village Circle, Dubai",351052,2025-02-22 18:33:59.387905
"Business Bay, Dubai",151446,2024-11-03 18:33:59.387905
"Palm Jumeirah, Dubai",118249,2025-03-24 18:33:59.387905
"Dubai Silicon Oasis, Dubai",191707,2025-03-26 18:33:59.387905
"Downtown Dubai, Dubai",84525,2025-02-26 18:33:59.387905
"Business Bay, Dubai",347775,2025-02-14 18:33:59.387905
"Business Bay, Dubai",109207,2025-03-19 18:33:59.387905
"Dubai Silicon Oasis, Dubai",66490,2024-12-31 18:33:59.387905
"Business Bay, Dubai",252077,2024-10-26 18:33:59.387905
"Palm Jumeirah, Dubai",397616,2025-01-01 18:33:59.387905
"Palm Jumeirah, Dubai",135585,2025-04-10 18:33:59.387905
"Dubai Silicon Oasis, Dubai",394145,2025-01-10 18:33:59.387905
"Business Bay, Dubai",74314,2025-02-06 18:33:59.387905
"Jumeirah Village Circle, Dubai",333873,2024-10-31 18:33:59.387905
"Business Bay, Dubai",319720,2025-02-11 18:33:59.387905
"Business Bay, Dubai",353754,2025-01-29 18:33:59.387905
"Dubai Marina, Dubai",41111,2025-02-05 18:33:59.387905
"Jumeirah Village Circle, Dubai",238308,2024-12-08 18:33:59.387905
"Downtown Dubai, Dubai",116571,2024-12-29 18:33:59.387905
"Dubai Marina, Dubai",72568,2025-01-02 18:33:59.387905
"Dubai Marina, Dubai",390343,2025-02-22 18:33:59.387905
"Dubai Hills, Dubai",135873,2025-04-07 18:33:59.387905
"Dubai Silicon Oasis, Dubai",141134,2024-10-27 18:33:59.387905
"Jumeirah Village Circle, Dubai",82710,2025-03-14 18:33:59.387905
"Business Bay, Dubai",351269,2025-04-04 18:33:59.387905
"Palm Jumeirah, Dubai",142161,2025-02-19 18:33:59.387905
"Jumeirah Village Circle, Dubai",279733,2025-03-20 18:33:59.387905
"Dubai Marina, Dubai",288403,2025-01-13 18:33:59.387905
"Dubai Hills, Dubai",364479,2025-04-02 18:33:59.387905
"Dubai Silicon Oasis, Dubai",241626,2025-04-22 18:33:59.387905
"Dubai Silicon Oasis, Dubai",212919,2025-01-31 18:33:59.387905
"Jumeirah Lakes Towers, Dubai",362016,2025-01-30 18:33:59.387905
"Jumeirah Village Circle, Dubai",229828,2025-01-23 18:33:59.387905
"Palm Jumeirah, Dubai",59648,2024-11-24 18:33:59.387905
"Dubai Silicon Oasis, Dubai",282852,2024-12-15 18:33:59.387905
"Downtown Dubai, Dubai",42541,2025-03-25 18:33:59.387905
"Palm Jumeirah, Dubai",239425,2025-03-10 18:33:59.387905
"Business Bay, Dubai",392783,2025-01-24 18:33:59.387905
"Dubai Silicon Oasis, Dubai",197214,2024-12-04 18:33:59.387905
"Business Bay, Dubai",283573,2025-02-12 18:33:59.387905
"Downtown Dubai, Dubai",235595,2025-04-22 18:33:59.387905
"Palm Jumeirah, Dubai",189121,2025-03-03 18:33:59.387905
"Downtown Dubai, Dubai",59692,2025-04-16 18:33:59.387905
"Business Bay, Dubai",42398,2025-03-16 18:33:59.387905
"Jumeirah Lakes Towers, Dubai",87646,2025-02-07 18:33:59.387905
"Business Bay, Dubai",54651,2025-04-16 18:33:59.387905
"Business Bay, Dubai",292490,2025-03-14 18:33:59.387905
"Jumeirah Village Circle, Dubai",207125,2024-11-09 18:33:59.387905
"Palm Jumeirah, Dubai",229160,2025-03-19 18:33:59.387905
"Jumeirah Lakes Towers, Dubai",381492,2025-02-14 18:33:59.387905
"Dubai Hills, Dubai",374542,2025-02-02 18:33:59.387905
"Jumeirah Lakes Towers, Dubai",370414,2025-01-04 18:33:59.387905
"Downtown Dubai, Dubai",228345,2025-04-20 18:33:59.387905
"Dubai Hills, Dubai",385822,2024-11-08 18:33:59.387905
"Jumeirah Village Circle, Dubai",321279,2025-02-18 18:33:59.387905
"Dubai Marina, Dubai",242302,2024-10-27 18:33:59.387905
"Dubai Hills, Dubai",204737,2024-12-06 18:33:59.387905
"Downtown Dubai, Dubai",199935,2024-11-06 18:33:59.387905
"Dubai Marina, Dubai",203995,2024-10-29 18:33:59.387905
"Jumeirah Village Circle, Dubai",182923,2025-02-20 18:33:59.387905
"Dubai Silicon Oasis, Dubai",133290,2025-03-08 18:33:59.387905
"Dubai Marina, Dubai",135921,2025-01-09 18:33:59.387905
"Business Bay, Dubai",396869,2024-12-04 18:33:59.387905
"Jumeirah Lakes Towers, Dubai",209399,2024-11-10 18:33:59.387905
"Jumeirah Village Circle, Dubai",96389,2024-11-16 18:33:59.387905
"Dubai Silicon Oasis, Dubai",159044,2025-01-22 18:33:59.387905
"Jumeirah Lakes Towers, Dubai",368524,2024-12-30 18:33:59.387905
"Jumeirah Village Circle, Dubai",365742,2025-03-20 18:33:59.387905
"Jumeirah Lakes Towers, Dubai",182286,2024-12-18 18:33:59.387905
"Dubai Marina, Dubai",370155,2025-03-20 18:33:59.387905
"Dubai Hills, Dubai",82214,2025-03-05 18:33:59.387905
"Business Bay, Dubai",99468,2024-11-02 18:33:59.387905
"Dubai Hills, Dubai",197845,2025-02-09 18:33:59.387905
"Palm Jumeirah, Dubai",324982,2024-10-29 18:33:59.387905
"Dubai Hills, Dubai",163796,2025-01-24 18:33:59.387905
"Jumeirah Village Circle, Dubai",281289,2025-04-08 18:33:59.387905
"Dubai Hills, Dubai",87700,2024-11-24 18:33:59.387905
"Dubai Silicon Oasis, Dubai",172636,2025-01-11 18:33:59.387905
"Dubai Silicon Oasis, Dubai",86582,2024-12-02 18:33:59.387905
"Palm Jumeirah, Dubai",358745,2025-01-14 18:33:59.387905
"Jumeirah Village Circle, Dubai",349302,2025-01-15 18:33:59.387905
"Dubai Silicon Oasis, Dubai",136246,2024-11-02 18:33:59.387905
"Jumeirah Village Circle, Dubai",152027,2025-04-13 18:33:59.387905
"Jumeirah Lakes Towers, Dubai",272765,2025-01-01 18:33:59.387905
"Business Bay, Dubai",105400,2024-11-13 18:33:59.387905
"Dubai Marina, Dubai",302153,2024-12-19 18:33:59.387905
"Dubai Silicon Oasis, Dubai",201913,2025-04-13 18:33:59.387905
"Palm Jumeirah, Dubai",272859,2025-01-29 18:33:59.387905
"Jumeirah Lakes Towers, Dubai",128035,2024-11-30 18:33:59.387905
"Jumeirah Village Circle, Dubai",327465,2025-03-21 18:33:59.387905
"Dubai Hills, Dubai",170367,2025-01-08 18:33:59.387905
"Business Bay, Dubai",230629,2024-11-14 18:33:59.387905
"Dubai Silicon Oasis, Dubai",44824,2024-10-31 18:33:59.387905
"Palm Jumeirah, Dubai",311190,2025-03-16 18:33:59.387905
"Downtown Dubai, Dubai",394054,2025-01-05 18:33:59.387905
"Downtown Dubai, Dubai",199794,2025-01-03 18:33:59.387905
"Downtown Dubai, Dubai",280738,2024-11-15 18:33:59.387905
"Jumeirah Lakes Towers, Dubai",334116,2024-12-08 18:33:59.387905
"Dubai Silicon Oasis, Dubai",263956,2024-11-19 18:33:59.387905
"Dubai Marina, Dubai",305046,2025-01-31 18:33:59.387905
"Dubai Marina, Dubai",222335,2025-01-21 18:33:59.387905
"Dubai Silicon Oasis, Dubai",292893,2025-01-06 18:33:59.387905
"Jumeirah Lakes Towers, Dubai",323790,2025-03-05 18:33:59.387905
"Jumeirah Lakes Towers, Dubai",42119,2024-10-29 18:33:59.387905
"Downtown Dubai, Dubai",136785,2024-12-30 18:33:59.387905
"Jumeirah Lakes Towers, Dubai",371882,2024-11-21 18:33:59.387905
"Dubai Marina, Dubai",51567,2024-11-01 18:33:59.387905
"Downtown Dubai, Dubai",317738,2024-12-29 18:33:59.387905
"Jumeirah Lakes Towers, Dubai",219777,2025-02-27 18:33:59.387905
"Dubai Silicon Oasis, Dubai",112125,2024-12-13 18:33:59.387905
"Jumeirah Village Circle, Dubai",362454,2025-02-20 18:33:59.387905
"Dubai Hills, Dubai",377327,2025-01-17 18:33:59.387905
"Downtown Dubai, Dubai",118531,2025-03-14 18:33:59.387905
"Jumeirah Village Circle, Dubai",384223,2025-03-11 18:33:59.387905
"Dubai Hills, Dubai",192180,2025-01-20 18:33:59.387905
"Business Bay, Dubai",366589,2025-01-19 18:33:59.387905
"Dubai Marina, Dubai",106074,2024-12-12 18:33:59.387905
"Dubai Hills, Dubai",75843,2024-11-21 18:33:59.387905
"Business Bay, Dubai",63753,2024-12-21 18:33:59.387905
"Dubai Silicon Oasis, Dubai",315635,2025-02-06 18:33:59.387905
"Downtown Dubai, Dubai",314696,2025-03-02 18:33:59.387905
"Jumeirah Lakes Towers, Dubai",177036,2025-03-30 18:33:59.387905
"Dubai Silicon Oasis, Dubai",98701,2025-04-17 18:33:59.387905
"Dubai Silicon Oasis, Dubai",226658,2024-10-26 18:33:59.387905
"Jumeirah Lakes Towers, Dubai",247071,2025-01-28 18:33:59.387905
"Jumeirah Village Circle, Dubai",214530,2025-03-23 18:33:59.387905
"Dubai Marina, Dubai",65489,2025-04-17 18:33:59.387905
"Downtown Dubai, Dubai",240917,2025-01-04 18:33:59.387905
"Jumeirah Village Circle, Dubai",319531,2025-01-14 18:33:59.387905
"Jumeirah Village Circle, Dubai",56724,2025-04-03 18:33:59.387905
"Dubai Marina, Dubai",368625,2025-01-05 18:33:59.387905
"Palm Jumeirah, Dubai",284635,2025-03-25 18:33:59.387905
"Palm Jumeirah, Dubai",179625,2025-02-15 18:33:59.387905
"Jumeirah Lakes Towers, Dubai",237401,2025-03-12 18:33:59.387905
"Dubai Marina, Dubai",337429,2024-11-11 18:33:59.387905
"Downtown Dubai, Dubai",185360,2025-03-15 18:33:59.387905
"Downtown Dubai, Dubai",77695,2025-02-08 18:33:59.387905
"Dubai Marina, Dubai",144795,2024-10-31 18:33:59.387905
"Downtown Dubai, Dubai",112085,2025-01-01 18:33:59.387905
"Business Bay, Dubai",294814,2024-12-07 18:33:59.387905
"Palm Jumeirah, Dubai",168703,2025-01-02 18:33:59.387905
"Dubai Marina, Dubai",151015,2025-01-17 18:33:59.387905
"Dubai Silicon Oasis, Dubai",353732,2025-02-23 18:33:59.387905
"Business Bay, Dubai",205832,2025-03-03 18:33:59.387905
"Business Bay, Dubai",373053,2024-12-28 18:33:59.387905
"Dubai Hills, Dubai",80137,2024-11-20 18:33:59.387905
"Dubai Marina, Dubai",304976,2025-03-11 18:33:59.387905
"Palm Jumeirah, Dubai",280693,2025-02-08 18:33:59.387905
"Downtown Dubai, Dubai",227195,2025-02-24 18:33:59.387905
"Business Bay, Dubai",172601,2025-02-15 18:33:59.387905
"Dubai Silicon Oasis, Dubai",298585,2025-03-05 18:33:59.387905
"Dubai Marina, Dubai",94205,2025-03-24 18:33:59.387905
"Dubai Hills, Dubai",141635,2025-01-11 18:33:59.387905
